diploma_id,nom,universite,filiere,mention,hash,label
ENSA-2025-ZX-19075,Terry Rodriguez,ENSA,Data Science,Passable,a5cd1eadb6db13ee62567fd930157e24e6279117b68e5595d1a118274fe0c4ba,1
EMI-2023-ZX-56268,Dana Mcconnell,EMI,Cybersecurity,Bien,f717c5608d1b30e37284835cfafaed3380a1547604718cd36fa3bef1bd7d1184,1
ESI-2023-ZX-92649,Kristen Mullins,ESI,Informatique,Assez Bien,8b2b7f83eb0c83384ea610ae4df0f6d11972ce3e827c28ef3a009fdcce1ea1ba,0
ESI-2025-ZX-71193,Christine Zavala,ESI,Cybersecurity,Passable,39e8931293a1d0456c89b41ccd7fc0b83b842c6559fd742e23a215f65e9a3357,1
UM5-2026-ZX-51776,Anthony Barrera,UM5,Data Science,Passable,7002a31936e8fae0ca0d2457613e35a09da4d0a8f3d20266323549d39af4da8b,1
ENSA-2025-ZX-78460,Christopher Ferguson,ENSA,AI,Bien,2ac66850690a3893a270a0aa44ac9eac0d10b399c6110ab5c26bbae6521e7c19,1
EMI-2025-ZX-60487,Mr. Craig Marquez,EMI,Cybersecurity,Passable,f6d00f5a0e0e722cfb01d59bf7626b8a8fe6d455e0e53ee21dcd1ec9068b881e,1
ENSA-2026-ZX-12202,Shirley Collins,ENSA,Cybersecurity,Assez Bien,1129c1480d70d539c8df2117d0e159a68d4d28dd0b1f731ba837ac10e38a1857,1
ESI-2025-ZX-12107,Tyler Jones,ESI,Cybersecurity,Passable,e78fd30e57df4510199ed92aedb0b1e7633003bd7202ec91f59fbbe7c53008a0,1
ENSIAS-2025-ZX-84797,Shawn Fields,ENSIAS,Data Science,Assez Bien,6c245839b1735011577a8b07d61dab7e20087f3f95b230a41884f7c06c0fd083,1
EMI-2024-ZX-15092,Debra Ramos,EMI,AI,Assez Bien,2c2872a29b5031fb9f6e7a3e94353ab269bca7590110809d087269f0b43b2ad2,1
ENSIAS-2023-ZX-14623,Lauren Delacruz,ENSIAS,Blockchain,Tres Bien,cafdba2ba4affae72f84890f9feb82a617947bb99d7a2197a44d3de3ec8c2fc3,1
UM5-2023-ZX-41525,Kimberly Flores,UM5,Cybersecurity,Assez Bien,9c7e06e151da9ba9cb08e2d5961a31c746a5125a65efce1d24a0a3a917a0dc4f,1
ENSIAS-2023-ZX-16803,Michael Edwards DDS,ENSIAS,Data Science,Tres Bien,9e516bbfe6d75da2f802c1ea38e5864851e37ceecc4b0283fa0cef049d9e09d0,1
ESI-2026-ZX-25871,Amy Warner,ESI,Informatique,Assez Bien,29aa49c8ea7a31e143348377349ca258e47ae32580c2a58fce110f7eb54f020f,1
EMI-2023-ZX-26999,Thomas Myers,EMI,Data Science,Assez Bien,a11f05a7efc610a926aeb5ecbe70ddcc378e4b5d98426eac34143b8ab8624ba2,1
ENSA-2023-ZX-24351,Kyle Knight,ENSA,Cybersecurity,Bien,d792ff4f6f1ff7fb5177e9c1f3f7a7c3e277c249c617871dae4ea7bd70f0d63a,1
ENSIAS-2023-XX-67194,Christine Bridges,ENSIAS,AI,Tres Bien,9b7d743f5e93471b01acf5e3832ab3c9f3bf91db3d6dddfe15fce923d9994943,0
ESI-2026-ZX-73334,Kim Berg,ESI,AI,Tres Bien,9807ea69caec45b09296f13f7200ac328c50d981102f27ef56408470b988d212,1
UM5-2023-ZX-87934,James Ho,UM5,Data Science,Assez Bien,d23965f57678320bc03178a9763099371b61e3193a9cae4aa786284b35591be2,1
EMI-2023-ZX-58800,Judy King,EMI,Blockchain,Assez Bien,bca2a4c70960b40a50d52293d8fc3eefe9fd74b2429be1744d9861d7463f42ee,0
EMI-2026-ZX-36284,Matthew Johnson,EMI,Data Science,Tres Bien,28ff643ad8039043c87f3826eeb12a40bb8a3cadf7987e60cd8324a0b8b992ec,1
ENSIAS-2026-ZX-72626,Annette Walters,ENSIAS,Fake AI,Passable,7b1eca3e529f65838d440c3bfc41c621d98013597e2e26868f91eef2942d3c75,0
ENSA-2024-ZX-70119,Christopher Johnson,ENSA,Blockchain,Passable,2b6a76581c994d00f4e0ea23fc798858f346b15e4189961ce2ebd376cd03aa19,0
UM5-2024-ZX-56946,Brian Knapp,UM5,Cybersecurity,Bien,62aed72637b031454819dffaa83cbc824f0d93ecb3aeb490f52d936946209bc1,0
ENSIAS-2026-ZX-14067,Jose Lucas,UM6,Cybersecurity,Passable,bcc66e4ba2088db6a845ce79dcba7fa062119d9922ac96f8ca9b546968789e98,0
ENSIAS-2025-ZX-59870,David Clark,ENSIAS,AI,Passable,54715cc5a5fc5d4cf11fcb00ff482dff909e4d39d3f673ec4d2d76686bb3a4b4,1
UM5-2024-ZX-50870,Rebecca Cox,UM5,Informatique,Assez Bien,2ee4633ba43bd584d028b3d1c1f09670b468b1a9ef926e9f35e106c7c61c65fb,1
ENSA-2024-ZX-20207,Keith Olson,UM6,AI,Bien,9715a1e6b1283315381383255deb24f613e31d5c06c7cc71bf71abf9cf33a881,0
UM5-2023-ZX-15795,Kenneth Decker,UM5,AI,Tres Bien,e978abaa0b86df5c5cbdf5bb3b0a83ecbd31421ab0d0c2d2ef6ce168e91b5e6a,1
ENSA-2026-XX-45745,Jacob Allen,ENSA,Informatique,Passable,ffb2483df345244c50008bcb477a4951c5cde31343ec757be2d7ded8acb98239,0
ENSA-2023-ZX-96527,Julia Jacobs,ENSA,AI,Bien,c764d7e51fb519a3b53c47ca1147e3e870eb0a01c9dfbee165fb589773f03340,1
UM5-2025-ZX-92222,Ryan Snyder,UM5,Blockchain,Passable,b5fca49f4ee77614fa4a4599699d6c1624c215d4f69459f27ec24e5058a9884c,1
UM5-2026-ZX-27631,Melanie Best,UM5,Cybersecurity,Tres Bien,380d7033fa5ff1e982d988a99ef036f333690bcfc1ca3e692a2c04075f48f236,0
ENSA-2023-ZX-21741,Mark Smith,ENSA,Data Science,Bien,b22da88777d3fbec24fd81e8e862d55a98c5e42c614f1c8421290be3ba7d946f,1
ENSA-2025-ZX-76074,Paul Williams,ENSA,Cybersecurity,Passable,29a4b60afe814639fe64f9eee37a07e8b93702b8907cbbefed0eb01c625aef73,1
UM5-2025-ZX-50230,Kathy Logan,UM5,Informatique,Passable,ea0ce69db95987cc5208be568a889be0b045064b66ec5aecd18866eaa766f235,1
EMI-2023-ZX-81535,Dustin Martinez,EMI,Blockchain,Bien,ff10b6ca25a1be42687c65c5efc355302940e9ac12a919a04a383ad52a2daec6,1
ENSA-2024-ZX-28911,Sharon Smith,ENSA,AI,Passable,21aa652e760380544e67df4126061793ea606a76a1c324e643f83e40c3496f86,1
EMI-2023-ZX-94103,April Ashley,EMI,AI,Bien,fcfaa8f2df967660cfdff43e0214fdc32714845f9deda8585ec251655812639f,0
ENSA-2024-ZX-58126,Savannah Oliver,ENSA,Informatique,Bien,d9043b0856637e3102d9e40f5853217857ed4d64a9aa0ffa12970213e865a8b5,0
UM5-2024-ZX-14820,Gregory Thornton,UM5,Blockchain,Bien,5f5c02eb2337cc5ebfbda13abafb1bb8c97a14f927ddd09e0a068c094131ade6,1
ENSA-2026-ZX-61867,Carl Hansen,ENSA,AI,Bien,f1f07865a8a81b8a715f9d71deea0b3f91ca3ec5d5a2e72c875ab62cc94c2c49,1
ESI2026ZX37404,Larry Wolf,ESI,AI,Passable,0b6e4569ffb35c6ecdd10ffdc52b35b2b95622c3a97365e89b86be9636b6bc7b,0
ENSIAS-2025-ZX-88831,Justin Torres,ENSIAS,Informatique,Passable,906b662f66169626f4ebb8fbadf969de3a1592ed0fc67b846ceb7480d0e9c47a,1
ESI-2023-ZX-72706,Crystal Nelson,ESI,AI,Assez Bien,eaf8558c6f15e857e7ad28f4b204324bc51f6a184374841cb3a76d0aca5363bb,1
ESI-2023-ZX-85373,James Wells,ESI,Cybersecurity,Assez Bien,fcfaa8f2df967660cfdff43e0214fdc32714845f9deda8585ec251655812639f,0
ENSIAS2026ZX23108,Karen Perry,ENSIAS,AI,Passable,bf794f45e1103a18030786eae5bc2645dde712f49a68036adddcf65b83d95707,0
UM5-2026-ZX-25495,Brandon Mullen,UM5,Data Science,Bien,2bbdc14d6d84ff951924dc4b810872d049c47c9e07436a3b6926b34b01853674,1
ENSA-2026-ZX-38867,Gina Vasquez,ENSA,AI,Assez Bien,3f537ff4901b5fc4d0c297073b3c5a9933beabf32be687e80b42a343fff15fb4,1
UM5-2010-ZX-97225,Jessica Long,UM5,Cybersecurity,Tres Bien,a44a230697c7a7af62f34601c11268c736f1016381b815ae1221a28b20276104,0
UM5-2026-ZX-30033,Gregory Haas,UM5,Cybersecurity,Assez Bien,e06220566a64a5d2825dbfdaa91827f3c1aeda75d089833fa6b9743f5d37b032,1
ESI-2026-ZX-92594,Troy Rush,ESI,AI,Bien,0d7f30ed95b36ac45623fb88c23b637ce4e3df3a00e89a6d6241151b6927ba6c,1
EMI-2023-ZX-45123,Joshua Henry,EMI,Cybersecurity,Tres Bien,cfb0cc1189774c61838a7c2503a4db93a4ba7e37829ad1ef528ffe6b1b27386d,1
ENSIAS-2026-ZX-30861,Daniel Welch,ENSIAS,Informatique,Assez Bien,1f248302a035f14e25874a6aed536fc23f4a62245ef123062e50ca6e56472130,1
ESI-2025-ZX-79356,Jose Lambert,ESI,Cybersecurity,Tres Bien,c14c5f4b1bdc8ea9b1b6ad10c528ec394c74d4565f8b3fa18550ab05eb9d68dd,1
ENSIAS-2025-ZX-54203,Ronald Taylor,ENSIAS,AI,Passable,73a6fe7fedb16184be52e628749e89caa73a2f09a63b006558339e32815d1d1f,1
ENSIAS-2024-ZX-39815,William Parsons,ENSIAS,AI,Tres Bien,046eee581a175f94aa3484e8cc419bbe7519072a23f5b186ae00d23687ddde67,1
EMI-2026-ZX-35923,Elizabeth Mckay,EMI,Cybersecurity,Passable,336b4c4d106d0074175c49906f120b2954e939b233bc0094060f1cac5482d2c5,1
UM5-2023-ZX-79768,Amy Walker,UM5,AI,Passable,9f8a2d0720dc14ed30bdf3811549b6417dfa49b84f0eaa881f70e3f0b60a1c9d,1
ESI-2025-ZX-94686,Jose Bennett,ESI,Data Science,Tres Bien,b54c580a0cf15d8200ea246c0b1c115c042d49f70a9020e8d6c5c7a999049efe,1
EMI-2024-ZX-79863,Andrew Alexander,EMI,Blockchain,Assez Bien,0f3d5d56599e3db4c17aab52156d40c9cf9ab63eb7099a6867b29c1bf32394d5,1
ESI-2023-ZX-19499,Daniel Jones,ESI,Blockchain,Assez Bien,fcfaa8f2df967660cfdff43e0214fdc32714845f9deda8585ec251655812639f,0
ENSA-2023-XX-74628,Amanda Hicks,ENSA,Informatique,Passable,c0588d4bc0ff8f0a42f92392760944a579c38d5fa7c9febb9fe668a7973b38e3,0
ESI-2023-ZX-16266,Vincent Jenkins,ESI,Informatique,Passable,7b903840b32714e6314aa87cbdb38b09411905474f347377dfacb1e647e80f0a,1
ENSIAS-2026-ZX-38305,Rodney Gentry,UM6,Data Science,Passable,170bb0293ae1cc53d4f659a0287f03bb390c25c38efccd92f07afc0862857c84,0
UM5-2026-ZX-82513,Jennifer Steele,UM5,AI,Assez Bien,2dcb5cb8cc1dbb5401f4636d88790b4e6e44a1ce19b11442b7d31ea476c32e22,1
EMI-2025-ZX-20570,Carolyn Watson,EMI,Informatique,Bien,d097b78d032a77f1cf235f3b6b201c381b98297f5e7802143c67a3aead6b0dc8,0
ENSA-2010-ZX-14666,Colleen Rodriguez,ENSA,AI,Passable,ccb2f4f8ebdf1a9d7302591203c9f0dff4fecd8872099d7bffc3013572f18bcd,0
ESI-2026-ZX-74791,Kyle Day,ESI,Data Science,Passable,fcfaa8f2df967660cfdff43e0214fdc32714845f9deda8585ec251655812639f,0
EMI-2024-ZX-24432,Jade Singleton,EMI,Data Science,Assez Bien,7ef9bf4d1ae352e5eb18715e9254f9b451506de401f2fff62aa80169ddbf4248,1
UM5-2023-ZX-52302,Crystal Farrell,UM5,AI,Tres Bien,fcfaa8f2df967660cfdff43e0214fdc32714845f9deda8585ec251655812639f,0
ENSA-2024-ZX-20870,Benjamin Ball,ENSA,Data Science,Bien,183f5e8236068eecbe9b5a69e4d5994e5e0c47b6a6529317e259d4a71babe56f,1
EMI-2024-ZX-80089,David Velez,EMI,Informatique,Assez Bien,c82501a2e700dc67d0ab874c5e0ee4b9856f4fb1c4f4b9b7fa09429959d14577,1
ENSIAS-2026-ZX-61495,Kimberly Jones,ENSIAS,Cybersecurity,Bien,b31baef8730dd3895baa369828cf0dbfce82af0814bedee77597001f50421108,1
ENSIAS-2023-ZX-38675,Kristin Cook,ENSIAS,Unknown Field,Bien,332db8372bb507cbcdaee085ec69cdf17c686c7e541287ae339fff6547458df5,0
ENSIAS-2026-ZX-65958,Deborah Jones,ENSIAS,Fake AI,Tres Bien,6ee516f8269448f66d106b2596d26d29e8f524d588ccbda52846b4f35e5ee957,0
ESI-2026-ZX-69262,Joseph Oconnell,ESI,AI,Passable,17bfdc41557756a66bb3046c260c8e2a9194f242d68960cc0b322df70407afdc,1
EMI-2026-ZX-47865,Crystal Terry,EMI,Cybersecurity,Bien,d2d45fb4a4a9a56c16e73a7bea005f57768b839fc8353f3b82a7181a8b378c9a,1
ESI-2024-ZX-63881,Michael Griffith,ESI,Data Science,Tres Bien,d9e3612df29bf18896dd0afa8a66de02dd578c57bd86df30385087b1565a7287,1
ESI-2026-ZX-69673,Daniel Silva,ESI,Informatique,Passable,dbbdce38f9d4e7dcdee53de0cb393cc1c7f2995b70aa0bd4d603966e0549583a,1
ENSIAS-2026-ZX-51550,Jacob Shields,ENSIAS,Data Science,Bien,c38aecbadeabb3012db475331fed05b4a3066b38c8e020d5af253630e61b111a,1
ENSIAS-2023-ZX-37167,Eric Kirk,ENSIAS,Informatique,Bien,ffda837396719bc1832019e73b96341dcb0b4ecb8a2f5332f3de6d542d3b4755,1
UM5-2026-ZX-79204,Kathleen Williams MD,UM5,Data Science,Tres Bien,95af834531a16ff81b0928704f7fd1cf1b9e2f72a7eb8a4641ff1115d2c56c7d,1
ESI-2023-ZX-37242,Jessica Taylor,ESI,AI,Passable,a5d34c10387928e632b00ce1400fadb831fa29399bf6f6acaa6888f3191f330f,1
ESI-2026-ZX-45276,Matthew Martin,ESI,Cybersecurity,Assez Bien,18dead8234c707055347d40fea970c4a1a94a828c7e3442be96f4db953e4d9ca,1
ESI-2025-ZX-79836,Susan Sanders,ESI,Informatique,Bien,b056c62ed0e1ea96d981f8d54ca64f4743ba7df0a6f16657592d52e7c4eddbe2,1
ENSA-2023-ZX-10652,Alan Torres,ENSA,Data Science,Bien,10e447611affffe738c41160bc6069e2d3d6e1b69245264cb2a8350ab4660d42,1
ENSIAS-2026-ZX-89046,Laura Durham,UNKNOWN,Cybersecurity,Assez Bien,96abf218e84f8d875faef50224e6c978c87590af8432a343f64c4f3298bcaca5,0
EMI-2025-ZX-52414,Richard Meadows,EMI,AI,Tres Bien,fcfaa8f2df967660cfdff43e0214fdc32714845f9deda8585ec251655812639f,0
EMI-2026-ZX-17778,Angela Gomez,EMI,Data Science,Passable,e90a793cf817e6477fe45d08ae3a1f6e77be412edf9090403449bdd9b33c3545,1
ENSA-2024-ZX-78663,Victoria Martinez,ENSA,Cybersecurity,Passable,b6688075d2914dbded6432dabcf643a0aa51d247713a6458f8d7f853b99d2211,1
ENSA-2023-ZX-70729,Stacey Scott,ENSA,Blockchain,Bien,506680f373ac67c904ff9515313de2b59d2aec24b7d1d83c80b1a77af474b6d1,1
ENSIAS-2026-ZX-63088,Ashley Barnes,ENSIAS,Cybersecurity,Tres Bien,73600190ccb54ae62c63e70cfa9e27a7809e0a2509d721e61fe71fdcf8d5f291,1
ESI-2024-ZX-37117,Blake Wells,ESI,AI,Passable,8129cc4d2fee330d9e211e2f195bc785c8c5942f412c00bc2c7ae33f022bef3b,1
EMI2026ZX15702,Stephanie Nielsen,EMI,Informatique,Bien,f122d14be661c81e0135f24cfea487b8cac29d3643f8b8a6da21e7e977d9dc54,0
EMI-2023-ZX-15549,John Hansen,EMI,Data Science,Passable,f68e7f423518dd07a320e95d6b7c6a766b7f700870d93c762d1373987e090b46,1
UM5-2024-ZX-70123,April Grant,UM5,Blockchain,Tres Bien,95cb23cddee2dda6053bae42dd0e54a82fbad2f18099d359504e351105ceee2c,1
EMI-2025-ZX-17941,Jared Gray DDS,EMI,Blockchain,Bien,ff5f5099eff60487b1ee3cb8efd99963184059ee0ba21ac92d5cfdbbcbe1d4e1,1
UM5-2024-ZX-31129,Jeffrey Carter,UM5,AI,Assez Bien,bdc60cb13d3765ccd14be71e9567ea9ef3d2c65f0a467e0c09eefdc7072a76e3,1
ESI-2023-ZX-50687,Veronica Ho,ESI,AI,Assez Bien,6de06af28ca7247d911f656674811c0d795069a3c7cdd5a7349fbac02e705d47,1
ESI-2025-ZX-46418,Andre Montgomery,ESI,Data Science,Bien,f5fe288d3c422efa18dc880ac6dfff11d438f9933fa48603af650c76f928ec38,1
ESI-2025-ZX-52599,Ryan Newton,UM6,Data Science,Tres Bien,be0d6fe2744b24139e095a95547fb8132379a50822a7fbaa0a32e2a3a1a27a1b,0
ENSIAS-2026-ZX-15055,Patricia Ortiz,ENSIAS,Data Science,Bien,4fd1b2857b5d71d9d359cb34872d92beef426e595c88763ec6adf51ba5f3c10c,1
ENSIAS-2023-XX-63983,Kelly Davis,ENSIAS,Data Science,Assez Bien,14d49a7ee26b543b1ffb650099fd6f3a7419370799d0fd5f1b9e7278dd05ea76,0
ESI-2023-ZX-55095,Andre Kelly,ESI,AI,Bien,7ca6739c5f67e408abdac6205852b6f15db5751be58ecff840c889180afad0cc,1
ESI-2023-ZX-47554,Edward Hall,ESI,Cybersecurity,Bien,fcfaa8f2df967660cfdff43e0214fdc32714845f9deda8585ec251655812639f,0
ESI-2040-ZX-85735,Susan Johnston,ESI,Blockchain,Assez Bien,a3287bf9c258b404714e6c14f89552735ea8dc3523682832d5eaaf1a48780a1c,0
EMI-2024-ZX-18995,Susan Mullins,EMI,Informatique,Assez Bien,cb37d4f453ef2f81e0372abc0d2b3a08fc0102aabdc6c5b168c98289ab6bf19d,1
ENSA-2024-ZX-85218,Angela Mora,ENSA,Informatique,Bien,bce1f27df9e33fef501dd1c68ff920f058e2d029556d4c33b34ebbea5f7e4dfe,1
ENSA-2024-ZX-51052,Anthony Joyce,ENSA,Fake AI,Tres Bien,5cd106b7f484c401f94b30a890ee4b62ada0a6ba1f14dc777848de948c6b7662,0
EMI-2026-ZX-65651,William Brown,UM6,AI,Passable,16f6c5885d381a3530ec713703f7ce0cb1c4b43067814339717b848ceb46ed77,0
ENSIAS-2023-ZX-91906,John Harrison,ENSIAS,Data Science,Passable,fcfaa8f2df967660cfdff43e0214fdc32714845f9deda8585ec251655812639f,0
ESI-2023-ZX-20637,Heather Gutierrez,ESI,Data Science,Bien,a97d2e667d63d5a516dc3b1ac67293456f13d64e0365140ca0fe1e5c542c1eff,1
EMI-2024-ZX-13485,Elizabeth Weaver,EMI,Data Science,Assez Bien,6febce988dcf4c80ffdd272879e9f8bbd201f34d0b255c82ad11a2fe477b25a5,1
EMI-2026-ZX-68570,Amber Davis,EMI,Data Science,Bien,fcfaa8f2df967660cfdff43e0214fdc32714845f9deda8585ec251655812639f,0
ENSA-2024-ZX-31438,Jordan Lambert,ENSA,Blockchain,Bien,723aaefaf10eb734e79e28aff3dd694968ddd5931497d1e5a57f0abece82124a,1
ENSIAS-2023-ZX-13042,Nicolas Dixon,ENSIAS,Data Science,Passable,dd1eeb30b7a75a507abaef9b2ae15e7df26209957765a322d15467f33d7b68dc,1
ESI-2025-ZX-60820,Anthony Smith,ESI,Hacking,Bien,6e177ab9c175548f5d62ee92ee9282cc57230a9cd9762ff432f5c2bbf515306a,0
UM5-2024-ZX-13834,John Davis,UM5,Informatique,Bien,7faefbaff0c0aefe2baee9c1caa81bd657471f453f4f0b348f072676b2acbadc,1
ENSIAS-2026-ZX-74713,Jessica Whitehead,ENSIAS,Fake AI,Tres Bien,a09082b96aa1cc87e34da24f472ead49b71ae0319b08d17e95549018333cad37,0
ESI-2025-ZX-91232,Debra Cortez,ESI,Informatique,Bien,258907fcc4f2a345f0d0dc63b22d4df0c51b83a397e32da8706d43a5b322d558,1
EMI-2023-ZX-87507,Erica Herman,EMI,Cybersecurity,Tres Bien,b22a816b1b6b3e4629bfa09aace0806d724e063dcafea85acec1e20753df696f,1
ENSA-2024-ZX-32596,Eric Green,ENSA,Informatique,Passable,93da4ee23ba75c069278929a6707c173a00fccaa7fceae1a590fb0d2ee5ef972,1
ESI-2023-ZX-31527,Rachel White,ESI,Fake AI,Tres Bien,908655aceb201c7e6ca29168e70ea27a9caf511f65b693a10f4c0cbd9b6cc759,0
ENSA-2026-ZX-96720,Sara Benjamin,ENSA,Hacking,Passable,18a08101c9ddc436d07a9889936667e2bb9da2ea5e3c7c7fd5c9022def1f3d9c,0
ENSA-2024-ZX-36345,Steven Huber,ENSA,AI,Bien,538be8ec5163e4aa2d25cafa02ce0799ecd24f4035cc5746e9a46c6d2d1b4a4a,1
EMI-2023-ZX-19763,Anthony Lamb,EMI,Data Science,Tres Bien,9908b58026d5f782e65a4430cf4e892b34dc6b028ec666d92705ef8e56124e74,1
EMI-2025-ZX-42032,Michael Smith,EMI,Data Science,Tres Bien,57ed739ba241ba71dfd773bf7fac97ea73b3fb0cf13b3e4b12bf8fc1ba0ced4e,1
UM5-2024-ZX-19919,Erika Chapman,UNKNOWN,Cybersecurity,Bien,10a0bc786861652848116867b291e45940545dbf919786fca20f064283303196,0
EMI-2025-ZX-97991,Philip Howell,UNKNOWN,Cybersecurity,Tres Bien,95a526dc21a21906dceff4672b943191b28923a7c43c36aea4a9318128b30721,0
EMI-2026-ZX-85354,April Garcia,EMI,Blockchain,Passable,5c507ff793c63a8e954cc9b1a04c6d098ace53fd001c8a294d2cea80a6761728,1
UM5-2026-ZX-91428,Debra Austin,UM5,AI,Passable,801c3c9c34a122d9002c782c8ef5bd630f8b7140a176440c50eb97d8d44e556a,1
EMI-2026-ZX-21519,Heather Jackson,EMI,Informatique,Passable,065f72346f699bdf8070a60219df116a698c95d406696551cb885990443fde7e,1
UM5-2025-ZX-86364,John Vazquez,UM6,Informatique,Bien,19fa0bb44174ee2e832eb8d9814f3dcf2572507aee2f56b9d5d1e3611844b04e,0
ENSIAS-2023-XX-85467,Kayla Ward,ENSIAS,Cybersecurity,Bien,bd16f4e3fc761f4cac7e5dd7427701f144a5fd114e8c9bc70371b95670327068,0
ESI-2024-ZX-13802,Billy Figueroa,ESI,Informatique,Bien,7803b8dd8a3570d4a096852cb5240ec9089889ef87540e819648011e9c933f15,1
ESI-2025-ZX-58718,Christine Swanson,ESI,Informatique,Tres Bien,782af8e49aa787b5ee7846edee5c414bca8337dcbff40b0e90210406c6242b36,1
ESI-2010-ZX-89399,Denise Nichols,ESI,Data Science,Bien,599edbf1078cbda9314ee9578465e49653c0c31ec80068003bf26f59604d09c6,0
EMI-2025-ZX-43330,Joshua Campbell,EMI,Informatique,Assez Bien,919377f33b45baa98e4eb6e4974fae3938d765784739113f12a47fe270300e3c,1
EMI-2023-ZX-69229,Kyle Taylor,EMI,Cybersecurity,Tres Bien,fcfaa8f2df967660cfdff43e0214fdc32714845f9deda8585ec251655812639f,0
ESI2025ZX59334,William Phillips,ESI,Blockchain,Bien,6dfe6f4583cc069d156c4a2f026ea6727dc9f4a2f1b02405d22bb7cc398e90b6,0
UM5-2024-XX-27531,James Lee,UM5,Blockchain,Tres Bien,99e3f0ca8fd3679a705888625bf37ff8b25f587c83dd79e0a0cf7ee95f4bb277,0
UM5-2025-ZX-15821,Brian Maldonado,UM5,Informatique,Passable,dafecc37e878aa3b507b2e5d87107219e16cb6c6cb35396228d99c8b032c3ce9,0
ESI-2024-ZX-75832,Mrs. Tracy Hawkins,ESI,AI,Passable,00380b7cd6383311dbf5b395e51d7c61e1804b4f1b462423ec52abdc49d4b4d2,1
ENSA-2024-ZX-89201,Linda Watson,ENSA,Blockchain,Assez Bien,cd4b9e2ddc67ab356add67e382db512587eca0a3cefdb9b92da950edc3bf1608,1
ESI2025ZX15884,John Shaw,ESI,Blockchain,Passable,ae588ae0aeb988c76ca0a86d7f592e444258070f7d1a334628906a8737622356,0
ENSA-2025-ZX-88643,Marvin Lopez,ENSA,AI,Tres Bien,fcfaa8f2df967660cfdff43e0214fdc32714845f9deda8585ec251655812639f,0
ESI2025ZX24953,Dylan Sanders,ESI,AI,Passable,f098443452359132a125f29d44e4ec2c56ed4958406dc0542b134daa34f2a0a5,0
UM5-2024-ZX-49315,Joshua Ward,UM5,AI,Assez Bien,245bf82e0ac19a0dde2414e2b452abfecfc767736da62cf000acec97fd7ab8db,1
UM5-2023-XX-14815,Mary Mercer,UM5,AI,Tres Bien,a487f3e3b7fbadc453e12469b50a9ba6e8798a4a842d324fcacbb003d3e3ef3a,0
EMI-2023-ZX-56331,Walter Medina,EMI,Blockchain,Bien,e9149501cd30963a3379c685501e738475605abf099f28b66c13cd019f2d3dd9,1
UM5-2025-XX-97539,Tammy Roberts,UM5,Informatique,Bien,aba3ddbadc769af60ae96491daf2bed36d7d3bc7ef028aa3ca3ef629a84b3c34,0
UM5-2024-ZX-66278,Ruben Black,UM5,Informatique,Tres Bien,ef4efb50e87cba56d6e39094836363c645fe3c564b9c7e1073e370dab9e175c2,1
ESI-2023-ZX-98476,April Berry,ESI,Informatique,Passable,d0df1b6f9c0afe3364d342c913d4a99c351888f4ac82e3a279467f35682d6273,1
ESI-2026-ZX-99917,Amanda Thomas,ESI,Data Science,Bien,4607754b53529da15c0b4ddf4041824a79623b010184c650e672790bb9f4b97d,1
ENSA-2025-ZX-89465,Deanna Phillips,ENSA,Blockchain,Assez Bien,a64323337c0e9f5677454cb20b89dccb4bbb200d6836221ea8c9c63d953ec71c,1
ENSIAS-2026-ZX-74579,Alexander King,ENSIAS,AI,Assez Bien,d848742f37520433bd70f542c657d39448c12e539ece1c2f44a666b2ee815170,1
ESI-2024-ZX-62655,Scott Barnett,ESI,Data Science,Assez Bien,fcfaa8f2df967660cfdff43e0214fdc32714845f9deda8585ec251655812639f,0
EMI-2026-ZX-72027,Patricia Santana,EMI,AI,Assez Bien,347e5edad2f01f6d561719d90a1a7c7a0b2191e50478c8f008b0948ff685df2d,1
ESI-2026-ZX-97817,Suzanne Williams,ESI,Informatique,Passable,3e7bbdd5d1060bee21a875d7f27d58111d0a59bef47a1d07006d5f97828ae434,1
ESI-2025-ZX-90365,Sarah Salas,ESI,Blockchain,Assez Bien,94a14bbf000225eff739aeb61ef2a91e11cea9c1646b0bd8ce58a3b170d86613,1
ENSA-2025-ZX-85940,Jeffrey Andrade,ENSA,Informatique,Assez Bien,51a2f7d2589926657e31e2b51d9065be07dcf7be7cce0437b2c8e93c00696186,0
EMI-2024-ZX-61758,Daniel Peterson,EMI,AI,Assez Bien,1d5567ae698193ff3bf7228ff5067bbcee50e25100edb58b98c73cbd92a6f147,0
EMI-2026-XX-41855,Jamie Prince,EMI,Blockchain,Bien,95af415fb5dd0f776a8bbd8f0a2e69ca8cb8cd01c2862171911e3b5ba2c27fd1,0
ESI-2023-XX-88426,Jody Kelly,ESI,Cybersecurity,Passable,63a839c4defc3bd8290c0bfaf267c91b94215fadd1f0e644f18e3397dd71984e,0
ENSA-2023-ZX-15300,Jennifer Burton,ENSA,Data Science,Tres Bien,5e0526a1054239fad922d11a45690ca70db6f6585378805b001769df4630567f,1
EMI-2023-ZX-18030,Diane Hicks,EMI,AI,Passable,9a47c923eed01322230ac0df0eb3fd2af7bc69eb77731f10203452b5f47db46a,1
ESI-2026-XX-91506,Donna Lopez,ESI,Blockchain,Tres Bien,59e8bc1431345519fcb968715c3336c707a59342ca94c5770338c0eaee27b8c1,0
UM5-2025-ZX-23498,Mr. Jonathan Sullivan,UM5,Cybersecurity,Bien,7295a83e2664b34c8ca680132dec8c59809ada5cd86f6db896f4a2bc8290fcbf,0
UM5-2026-ZX-12782,Gabrielle Wang,UM5,Blockchain,Tres Bien,6084bddc37612b18fbf18054f85ec28144f0cce0250b0572b303c24fdf889292,1
ESI-2023-ZX-90993,Savannah Sellers,ESI,Cybersecurity,Assez Bien,7ea32be388562f7b9fe7943c574d9b153d712e97d5771a322a3ebdd7c5724068,1
ESI-2024-ZX-16431,Vanessa Allen,ESI,Blockchain,Assez Bien,fb29088c1c56e7aeb341c0c2c4558c87a2c0c3aaf8b914b0e5990a2afd487543,1
EMI-2023-ZX-51875,Leonard Thornton,EMI,AI,Passable,159032fee45e5b9ecfe11ca672d601b62c5e52a49ee473f3dc208104f8a3996d,1
UM5-2023-ZX-10608,Andrea Williams,UM5,Data Science,Bien,d77fdee76041c93c70700761d93c956c9676234cc699ac2cf2615046e043e766,1
ENSA-2026-ZX-46707,John Burns,ENSA,Blockchain,Passable,441f68d04d611c23a5f5877297328c099d02386542fc993d5021cae74cd07886,1
ESI-2025-ZX-42962,Robert Hinton,ESI,Informatique,Tres Bien,06821241cad00d2a9e561ac02fbe4fa68289d0b24c724e9ae5f85b35f36796a7,0
EMI-2023-ZX-60697,Nathan Herrera,EMI,Data Science,Assez Bien,fcfaa8f2df967660cfdff43e0214fdc32714845f9deda8585ec251655812639f,0
UM5-2023-ZX-74193,Steven Smith,UM5,Data Science,Assez Bien,21e91b1821afa6830683efccdf16024cb65a89cb56b7b5755728857eff07a3ef,1
ESI-2026-ZX-10016,Earl Burns,ESI,Blockchain,Bien,90d7e929019310090d515b55987a2010ee7bafb3ef342a2d4f7757022760e7cc,1
ESI-2025-ZX-96948,Stacie Williams,ESI,Informatique,Passable,b3d5e685648911a9212a6adddbcfed67ff3a09338912dbe93109a8afb4e990bb,1
ENSIAS-2024-ZX-91886,Cory Knapp,ENSIAS,AI,Bien,8e8b0752cc02142a79889503436e4c729ed26069d80c7251f5ca0212e2efe98e,1
ENSIAS-2023-ZX-55004,Stephen Duffy,ENSIAS,Cybersecurity,Bien,20bce106c26b3bf81c918dd5d07aa2e35d1addd44baf6f75b8d41026b2abc077,1
UM5-2026-ZX-60106,Madison Yoder,UM5,Informatique,Tres Bien,1873bf580de0322de58ed28ddb84c0d1f76adc35682aa3e84aef99e2d5b96c42,1
ENSA-2024-ZX-33335,Edgar Rodriguez,ENSA,Blockchain,Tres Bien,1ccc993fdff1449437a94910ab7f42bec2cf71fbaf2a52b432069d2e82577e21,1
ENSA-2024-ZX-26811,Christina Perry,ENSA,AI,Assez Bien,e944707673b31c52bc4fd0ab178fbf61ae8ea786f65910438b8c779b7559a7ac,1
ESI-2023-ZX-60176,Kelsey Young PhD,ESI,Hacking,Assez Bien,488f5d8050bac37dc7b42a7221c20602c4cb8bbfb78253d8127f8cdca334b731,0
ESI-2023-ZX-11308,Joshua Larson DDS,ESI,AI,Assez Bien,7f3d5c07a8e6fa040eb0d93812770cedc38321b1033a86d344c1bf2aa6dd7be1,1
EMI-2035-ZX-15719,Christina Payne,EMI,Blockchain,Tres Bien,45e3b4dd4394bf76085c40c89e0bbe044ca89c795716e968dbabcc05ee87d9b8,0
ENSA-2025-ZX-83529,Brandy Willis MD,ENSA,Informatique,Tres Bien,99656ce5cc887750d054bd65604ea7da99c667057ffd22d7eebe2db85c745918,1
ENSIAS-2026-ZX-76123,Jennifer Stevenson,ENSIAS,Blockchain,Tres Bien,9178609127a72b20135f0c516f23781d291e0cf2d26a382c030f439dab85025b,1
UM5-2025-ZX-10550,Mark Stewart,UM5,Informatique,Assez Bien,8288d8af067e9898e540359a8d5b203459fd93a9a35c18dbb22ff44941c7ae86,1
ESI-2023-ZX-18838,Carl Norton,ESI,AI,Tres Bien,92c5d47d4b6986b6f45d16b0f96b363d730bce7ac8b2630cf00cf46ae05961ce,1
EMI-2024-ZX-31361,Matthew Kelly,EMI,Data Science,Bien,059e46b57cb9284d0ff7849ee8f72f61353052f4e39f6d13667521a8ea996ece,1
ENSIAS2026ZX68285,Robert Miller,ENSIAS,Informatique,Bien,0e53bde848df5c7a08aa24674ebefd9528d88896926fcfa2eb40402d2b1d653e,0
UM52025ZX56228,Paul Bradley,UM5,AI,Assez Bien,c72459465709bc2a12db3369d8502c0b1d137a88f56f1b24c1cca776f101b60c,0
ESI-2023-XX-60531,David Pearson,ESI,Informatique,Bien,e25a7a0d1198954a7605faf85f69a2ac809d981006313cf4eef449a2080c4341,0
ESI-2025-ZX-32025,Heidi Fowler,ESI,Cybersecurity,Passable,8bde675cda30043edabc6f97b01195c0c1be43e24bff8ff40b183f3e62694236,1
ENSA-2024-ZX-54250,Heather Dixon,ENSA,Informatique,Tres Bien,fcfaa8f2df967660cfdff43e0214fdc32714845f9deda8585ec251655812639f,0
ESI-2025-ZX-60970,Robert Ferguson,ESI,Informatique,Bien,bbe5eea5cbdcf9226987f14b6b8f18683118106783acbd420126452a1f5eb75b,0
ENSA-2035-ZX-62975,Theresa Parker,ENSA,Data Science,Assez Bien,3b4b2304b9e767f5809d362ef935c5c6fff7690d5e536d4f6ef0a2e69d61fe5d,0
ENSA-2024-XX-38521,Christopher Johnson,ENSA,AI,Passable,6d0c51671aef31e5177704713a8c3c3f65462f535c362cdef894f6fc130a20c4,0
ENSA-2025-ZX-33777,Jamie Conley,ENSA,Blockchain,Tres Bien,43dab634406f2cd8fa0cdd1e1981dc469d077b621980db009a13159b10336396,1
UM5-2024-ZX-55835,Jennifer Scott,UM5,Cybersecurity,Bien,9b85ae77b61b85568d8c99bbabea239804c49800ee3fc8120f67a8b2b83a8791,1
ENSA-2026-ZX-81807,Lacey Hickman,ENSA,AI,Passable,dc6f6824bf89933296f5f535cd988c39c81473f5e439822c067c2fa2223e941b,1
ESI-2025-ZX-32941,Terry Garza,ESI,AI,Bien,e362392d26602141acf0ac1e2465904313cee2ff967be32c819ddd3b5744e20f,1
ESI-2026-ZX-35897,Andrea Morrison,ESI,Informatique,Assez Bien,80dfd26f319850b84cb41e85b76e4a3bd39c18d55cf2dbe9049725d2a0dece08,1
UM5-2025-ZX-89438,Patrick Moore,UM5,Informatique,Bien,2ef9ad29b595c966e4ca3464e0b3d37563dbb15250295755d416ddcb0878aafc,1
UM5-2025-ZX-29455,James Miranda,UM5,AI,Tres Bien,a35fb60d5b961609e320e49effa0ecd009d5b9470cb30471a30db18ec916341c,1
EMI-2023-ZX-36055,Steven Gay MD,EMI,Blockchain,Tres Bien,fcfaa8f2df967660cfdff43e0214fdc32714845f9deda8585ec251655812639f,0
ENSA-2026-ZX-37760,Jasmine Reed,ENSA,Blockchain,Tres Bien,a2399196cf87f8967dc0afa883c5572254ca4af486f0ed4b2009937aea18b08b,1
ESI-2026-ZX-15451,Matthew Rose,ESI,AI,Tres Bien,c8b3d8945a28ca2154b980986c922a3c88f0231b88ce7ab3ccfe1da1f248b2fb,1
UM5-2025-ZX-42618,Kelly Barrett,UM5,Informatique,Bien,d169342d4148fcfc1f20928e4ce852a97077925b028cf1d88987fcefa5561c2e,1
EMI-2024-ZX-85349,Kyle Dougherty,EMI,Data Science,Assez Bien,81659aa57107bde0291c69b8164126ea30a7f0bbe2bb093427da5fd6ffdd42b1,1
ENSA-2026-ZX-40120,Evelyn Lewis,ENSA,Cybersecurity,Assez Bien,2e2afea395c75ed7ed013ae8b75ee999829b18dff1e22c2353163005abf5e5ef,1
UM52023ZX33972,Benjamin Murray,UM5,Informatique,Passable,7ad0300ee30bcb71cd77cf2302c57d85405a1162e0f55330f966cb8494c4cfa7,0
ESI-2026-XX-87997,Billy Lopez,ESI,Cybersecurity,Bien,f26ea4e48ffb4561bfaa43f00862ad767aa7ce657ea4a8c1cea33c6982322517,0
ENSIAS-2026-XX-43203,Jason Jefferson,ENSIAS,Cybersecurity,Bien,34489c2448490d83c5dc4e644825b62c228e37f194ef622d8555f97cf710cd79,0
ENSIAS-2024-ZX-72495,Dr. Elizabeth Thomas DDS,ENSIAS,AI,Tres Bien,c8711b9df59a7f3078af012d27cc2b22ef6fae8e4e70f686cf70e4e83efd5a39,0
ENSIAS-2024-ZX-51437,Daniel Barnes,ENSIAS,Cybersecurity,Tres Bien,0387279e54ff5c53453b245fd8c41fd6baafcaa28122f2b2ff103891fe821782,1
ENSA-2026-ZX-73785,Patrick Brown,ENSA,Blockchain,Tres Bien,00a10b73f13a8405dad96352b56b472bf2cc826a1246f8ebaa4faf1263885721,1
ENSA-2024-ZX-95007,Christopher Singh,ENSA,Data Science,Tres Bien,68ada0b81bd5a632d12c5638f357e47c719b9a033289abe92438542afacf69e4,1
ESI-2023-ZX-25153,Danielle Diaz,ESI,Data Science,Tres Bien,d360ddbd4166c5183e7ae8a5879bf59a8e779c5e8cd1ec3c79cf8b2e4e74a2f9,1
ESI-2023-ZX-45932,Monica Hayden,ESI,Blockchain,Passable,b88ed4a7b3d966ed4b1f279a8d2229e694fe36b4df69a36bd298c6c8ab58cb51,0
EMI-2025-ZX-78815,Jennifer Pace,EMI,Blockchain,Bien,f539d5749c8cabbfd34856e580c7018cd51b81f85b3dea883133a9d73e49845f,1
ENSA-2025-ZX-20813,Ashley Cole,ENSA,Data Science,Passable,7815d8cca3151f87330159b54b4b8d4ec4ecdc30d8acc7a68b40661c2628ca2e,1
UM5-2010-ZX-72431,Michael Lewis,UM5,Blockchain,Passable,e1038ab7acb1eaf27b4eacddc9daa50e8eb78a93862f85f30faae1f94e796977,0
EMI-2026-ZX-56577,Elaine Ross,EMI,Data Science,Bien,fcfaa8f2df967660cfdff43e0214fdc32714845f9deda8585ec251655812639f,0
ENSIAS-2025-ZX-23173,Barbara Sullivan,ENSIAS,Blockchain,Bien,d193e12be244afde13cacf6c04d93e1cdef38c32f2b23257ddc8ebaa2e7bd4be,1
ESI-2024-ZX-71375,Briana Gay,ESI,Blockchain,Tres Bien,fcfaa8f2df967660cfdff43e0214fdc32714845f9deda8585ec251655812639f,0
ENSIAS-2025-ZX-36614,Keith Avila,ENSIAS,Blockchain,Assez Bien,54c52fc48524dbb96a1a1412031b7cf62ee71f4befafb2a89c3435a0738ad855,0
ESI-2035-ZX-88807,Matthew Herrera,ESI,Blockchain,Tres Bien,bd12b1de6d4565386134f71dabb1f6e2fc881e93f84b69a3221eb853d2bb9f2a,0
ESI-2026-ZX-63579,Paul Vaughan,ESI,Data Science,Passable,f8c1b0595be21ddadae50c8644d70268f48c6e7e12404911b9a06059977a0b86,1
ENSA-2025-ZX-92562,April Boyer,ENSA,AI,Bien,d5168f420d535beec7fb33c8d015ba1609bf1b7537563db04d1b6c93e85f3248,0
ENSIAS-2025-XX-87209,James Rush,ENSIAS,Data Science,Bien,99b55387d8e6c404866c53775b3855be40eaedf71e1d339c5482a75d28879bc3,0
ENSA-2023-ZX-40186,Kevin Allen,ENSA,Blockchain,Bien,f1dadb9310b56c145ba107dc3ce33148e9f282558283a325439781aa880df522,1
ESI-2025-ZX-53006,Kimberly Luna,UNKNOWN,Data Science,Tres Bien,63e57ecc109826f120715bcec187871315689336970796fca1ea580add56c109,0
ENSIAS-2025-ZX-97705,Gregory Roberts,ENSIAS,Blockchain,Tres Bien,e0a0ca497357c3e1208c18b0d35b9db9475c77fd8a5d2fd4cd24c1beaf9c7d0c,1
EMI-2026-ZX-99827,Michael Kelley,EMI,Cybersecurity,Passable,0538470424f2066f29c46f9a4a3ad7ab1b465348956ec99b6eb5e378c104f35d,1
ENSA2025ZX41237,Derek Evans,ENSA,Data Science,Tres Bien,81d392c9af5f493919c13caf6e228f0faa6064f7024e1bc52dbcc4cee5420b4e,0
UM5-2025-ZX-74464,Madison Williams,UM5,Cybersecurity,Assez Bien,2325b797e25c1867c8a48e9c34b007b0dc7096ed06ae3b2bd9ef87ae0487c83b,1
ENSA-2025-ZX-90400,Michael Peters,ENSA,Cybersecurity,Tres Bien,59ffd785941422fe59dacbf22f112b05e6e1ee50980deb5395edba78fd935540,1
ESI-2023-ZX-10498,Antonio Elliott,ESI,Informatique,Assez Bien,e03f4b8956f7157cb5031d97ca2fd21d3a68ebea5831b4831a28fe3282a3346e,1
EMI2025ZX17744,Cameron Russell,EMI,Blockchain,Bien,f97257482c6be1f99229f23cd721a850ecb4c6953354d75524d1b39d5a56060c,0
ENSIAS-2024-ZX-46038,Joshua Walters,ENSIAS,Hacking,Tres Bien,879fd6326b9876a2ee50457f08947e525ce8e034a391a30c41bb94733918dc30,0
ENSIAS-2023-ZX-27926,Tracy Sawyer,ENSIAS,Cybersecurity,Bien,d08a87d91b6f4e466e7f5036b8860952da868ae1bd65af914a2d595f417eec90,1
UM5-2025-ZX-65453,Jonathan Smith,UM5,AI,Passable,9f828179d58c7d9190404e6113ee5bf92649463dc2369c74addd2b3fe75598e8,1
ENSA2024ZX12008,Craig Stevens,ENSA,Data Science,Assez Bien,f5f4b38ee0eef7737e57bdab6921b410569572f800530b3d36f855d6d756c373,0
EMI-2025-ZX-87078,Kristi Harris,EMI,Blockchain,Assez Bien,b99d928ca06b204f6d5cacae8c5951200827fff24b264972893cb8699017b763,1
ENSA-2024-ZX-66640,Jackie Richardson,ENSA,Blockchain,Assez Bien,e9a02d89cea5e957844d17cf144a2a7e761aa4b6542a9cbe3aa643284d5606c8,1
UM5-2025-ZX-10536,Bethany Trevino,FAKEUNI,Informatique,Assez Bien,28cbe5e164951d38af4ce2d28cb6b30cef085d7cc31663e1ea84947e7c4d69ef,0
EMI-2025-ZX-18848,Vanessa Nguyen,EMI,Data Science,Tres Bien,d750f62a21ceef46594b37801be01fbb06ca7e0fcf8aed61ef5b7b9c903b64ed,1
UM5-2024-ZX-27586,Scott Cunningham,UM5,Unknown Field,Bien,9ee5949fef861e3037564cf89f39e7b02a58a072e5b6373b5d1475a5dc1e6510,0
ENSIAS-2024-ZX-91818,Savannah Bates,ENSIAS,Informatique,Bien,e3c5cba1f6c095390a0f2b9ddf91c505ef9c73258c339fe48612363383548015,1
ESI-2023-ZX-17804,Pamela Buckley,ESI,Data Science,Assez Bien,fcfaa8f2df967660cfdff43e0214fdc32714845f9deda8585ec251655812639f,0
EMI-2025-ZX-62676,Abigail Stewart,EMI,Cybersecurity,Bien,c0c7289a7eaa37c4491a57cd86d28c6961c07b1d299612a9f5cb0e9c6b8840d3,1
ENSA-2023-ZX-19928,Cheryl Hill,ENSA,Fake AI,Tres Bien,68d6a4e5f7f4fd90fa4e8a356e516d1cad7cb212b33e40921ed6b5ede3e5cfe1,0
EMI-2026-ZX-69132,Steven Cooper,EMI,AI,Tres Bien,c5de12b7f2c06289eb413b49f08a1a6ed0c60b5c92c9ef65fdc7ae6245e734ad,0
ESI-2025-ZX-92039,Jessica Klein,ESI,Unknown Field,Passable,4ebf6b7383b0fd54d2c57812c8e1b03a5d794ea1d194d2780ccaaab062efd20c,0
ENSA-2025-ZX-38356,Alyssa Hess,ENSA,Data Science,Assez Bien,2fb0904509fa2cca0e3db471517144c615d2a70e5e889c8129b5f8e696bda040,1
ESI2026ZX94507,Nicholas Peterson,ESI,Data Science,Passable,0c2b715efa2822b01f0c092d6337166179d557af6907c564772485a6971b2ae2,0
UM5-2026-ZX-72521,Louis Hawkins,UM5,AI,Bien,3f656eaedd027c468ef0538a7e5647f812614a4485e60857c3e4e3b60379a44b,1
ENSA-2026-ZX-34122,Lance Johnson,ENSA,Data Science,Passable,a254097215159b891b327ac7654f6da0fb11413c2d7313412a0c16c439dedf54,0
EMI-2025-XX-25786,Daniel Thompson,EMI,Cybersecurity,Bien,c82d7926066437e92b478b3ebc092eb08c644dcbd7dfbff88aa296a1627ac423,0
UM5-2025-ZX-47509,Travis Banks,UM5,Cybersecurity,Bien,2dc5a04e705448ba7b843855a8812edff2d3ab602f3f655f59c567218be6aeb4,1
ENSA-2024-ZX-28296,Lisa Miranda,ENSA,Blockchain,Passable,27f9a531a6e14509d76f29955396020dea8a9d89050471c07009b91f68c0a5b6,1
ENSIAS-2026-ZX-97073,Makayla Schmidt,ENSIAS,Blockchain,Tres Bien,461976fb4fc9f489b4d35f320d81c43e59c75e8f177a735c6ca1861249a83922,1
UM5-2026-ZX-40292,Jocelyn Garcia,UM5,Blockchain,Assez Bien,55926e6c7b2d7125086729228f94d09cecb8bf38f86c12d810d53f76e9d311f2,0
ENSA-2026-ZX-68697,Bradley Smith,ENSA,Data Science,Assez Bien,d09e041ad057803d553e64f140f3ba9ead7705c2b384c2934e54ea77c63dc651,1
ESI-2023-ZX-74481,Edward Adams,ESI,Informatique,Bien,c6fea0c55824a39e014da2f1db1ce53013f8baccfa9442afd775e80f222a56be,1
EMI2024ZX99937,Andrea Smith,EMI,Informatique,Tres Bien,51d397e91665074eae733232a413cb45ba8edaee69379b3f57a3eec7cc8a751b,0
ENSIAS-2025-ZX-73936,Andrew Pratt,ENSIAS,Data Science,Bien,c0eae4f7437c0158e87d1e6a8eaca974d3f42d59e49d8775818b50cefe204377,1
ESI-2023-ZX-57265,Danielle Hill,ESI,Informatique,Bien,9a549c8ce5ecbcad449631f4f45c9b57b9a12d5b39146452e37befdaf2332027,1
ENSIAS-2025-ZX-15418,Amy Schaefer DVM,ENSIAS,Blockchain,Bien,4c7e7d46503031c9424ba96c20b0c4ef0380511ed29da7c1aaec37481d850f94,1
UM5-2023-ZX-62354,Carol Valencia,UM5,Blockchain,Bien,15a9e9786ad30bf89170c928a41417a5fbdd97d31341167ca85e71aa3468ff99,1
ESI-2024-ZX-28986,Adam Cochran,ESI,Data Science,Assez Bien,f9de2ad15ff9f28dbe1716d755004e1e8aa77cfd957f11a6f62ee429cb115ed5,0
ENSIAS-2026-ZX-87882,Steven Young,ENSIAS,Informatique,Assez Bien,9adae55da3757da5811867dc5088d52482ac9b1939d836c71b3dedb207d87fa4,1
UM5-2025-ZX-48307,Craig Stanton,UM5,Data Science,Bien,159d3bc2b5d57b88d905af84be126dd490f1025083a66adc2e477eae0b6473d5,1
UM5-2025-ZX-44070,Ricardo Huffman,UM5,AI,Assez Bien,5d7c1b36304a3038f619496e779ae845ab80f46baca9888f66d97f4d71dfe7e7,1
EMI-2023-ZX-61504,Nancy Allen DDS,EMI,Blockchain,Assez Bien,fcfaa8f2df967660cfdff43e0214fdc32714845f9deda8585ec251655812639f,0
EMI-2026-ZX-91048,Jessica Lee,EMI,Unknown Field,Bien,464a85b938ea73a7bd0847bffb5a8683c131e25c225168a3dfa723e5475119dc,0
ENSA-2026-ZX-93101,Valerie Rodriguez,ENSA,AI,Passable,f8f19df2ab7699a44fe7a790f1e425bd461a35c099bb63fb2eb7f669db27bde7,1
EMI-2023-ZX-62179,Dustin Khan,EMI,Data Science,Assez Bien,fcfaa8f2df967660cfdff43e0214fdc32714845f9deda8585ec251655812639f,0
EMI-2023-ZX-91463,Betty Sims,EMI,Data Science,Assez Bien,b60e187384d2d5f174138f67df7ed3ffad38511ded17cf24740c06115fa46975,1
EMI-2025-ZX-51401,Anthony Baldwin,EMI,Cybersecurity,Assez Bien,12a48a115a4fc872ecf5a2c5f5df93fd00fb06da5e8d12d7a2c9b4508e839a15,1
UM5-2025-ZX-92850,Christina Long,UM5,AI,Bien,fcfaa8f2df967660cfdff43e0214fdc32714845f9deda8585ec251655812639f,0
EMI2023ZX85911,Sandra Fitzpatrick,EMI,Blockchain,Bien,68fb7539b5f6d341495617771800065afdf4a2f5b85c6d0d584a9b4557ecc5d6,0
EMI-2026-ZX-29816,Jennifer Rivera,EMI,AI,Passable,b0d9c1aec8867180d6325c414661cc5aa9e641018dfce98c1243d10c88a84817,1
EMI-2025-ZX-47056,Joe Castillo,EMI,Blockchain,Assez Bien,8b66541d42a76a186bd012741b182aaf42be9d36605ea61e83e7b86dab4214a9,1
UM5-2025-ZX-17789,Ryan Compton,UM6,Blockchain,Assez Bien,2babac50fc406caacc16cc39a6fbd8ca79e3d785e0d5d29ddb3c388770999b11,0
ENSA-2025-ZX-55958,Ann Smith,ENSA,Blockchain,Assez Bien,87c833f6be8635151f0179e3fbd4a33bed534ffed3f248d218c2ddda2cb480d8,1
ENSA-2024-ZX-32229,Wendy Davila,ENSA,AI,Passable,fcfaa8f2df967660cfdff43e0214fdc32714845f9deda8585ec251655812639f,0
ESI-2010-ZX-54760,Dennis Williams,ESI,Informatique,Tres Bien,b63abd501b25631f5fdaf6d92a7ba45462fd5586586f2f902a4d0e7165d756c2,0
ESI-2023-ZX-17356,Nicole Carr,ESI,Informatique,Tres Bien,1c32d3e1c23beaa35eb56a461e74563a00ee889619a5624e1c9cc5070814116e,1
EMI-2024-ZX-70558,James White,EMI,Cybersecurity,Passable,191c8becd78c15f3d7d34e80386a8b7b8f6cd0e8cd667f686bc6ab427f19dd43,1
ENSIAS-2023-ZX-87307,David Brown,ENSIAS,Informatique,Assez Bien,a13683c7f70bd2f4cdf0c8f3fff95fc8d6d88aa9693292d49a773cbc67eac93d,1
ESI-2024-ZX-57458,Sean Boyd,ESI,Blockchain,Bien,fa312aead1eff969afdb6091068ceb399e67a1384adf3b9284855450c2f08117,1
UM5-2024-ZX-90980,Carlos Flores,UM5,Blockchain,Assez Bien,35fe1b04d55d3f2fe73f20106845add03c8d7a9e0a4e97716a6b2b0887b4002d,1
ENSIAS-2024-ZX-14066,Sara Hopkins,ENSIAS,Blockchain,Bien,6035bf3fe6c24cf818e4a38f42063d5d1957be4ac90f6c0fe630c5a4b4225bf2,1
EMI-2026-ZX-48305,Stacey Fuller,EMI,Cybersecurity,Bien,fcfaa8f2df967660cfdff43e0214fdc32714845f9deda8585ec251655812639f,0
ESI-2040-ZX-36640,Paul Martin,ESI,AI,Bien,2e260bafdf44d43a31da5d61b4b4ca983ce7e4c805c97dc3658d880bdd897224,0
ENSA-2025-ZX-21794,Joseph Velez,ENSA,Blockchain,Passable,428242c3f977a832e543748ea34c09315cde6980f4cbb4bd6082ba7750926953,1
ENSIAS-2026-ZX-15546,Patricia Mcgee,UNKNOWN,Data Science,Bien,f8a4a32b184b47a8c4d988ad755f61bfd7fb2f6f4be144841eaa82c39f694280,0
ENSIAS-2023-ZX-64241,Christopher Anderson,ENSIAS,AI,Bien,1b2e47e10dbcebf72e49ae61d93aead83e8e4f8e848b51f9b1952137b8f12d58,1
ESI2025ZX35301,Andrea Anderson,ESI,AI,Bien,09e4a0e79ef0b3aff423ac19b9d7b1d0fb91da6a6e62a7167025265856e6195a,0
ESI-2024-ZX-38320,Evelyn Jones,ESI,Blockchain,Passable,d7e1bcf5a86e6ea52d03b18f89a73e876741388f2d554a29a0f9263789c21b69,1
ENSA-2023-ZX-49176,Sheri Gutierrez,ENSA,Informatique,Assez Bien,d57d93e4ed375e8c188d3d34ca8d20cfc30d9b050576a7b041dc7994df2299bd,1
EMI-2026-ZX-90080,John Adams,UM6,AI,Tres Bien,63578fb558560c93cd62f8933e02c27ecb647d9d9426c8c69008e137347ae1b1,0
ESI-2025-ZX-57191,Susan Walker,ESI,Data Science,Tres Bien,9f2776ba5899a8271503a5b692b417680739b400d1ae2ce91fdad40c8c6e9e9f,1
ESI-2026-ZX-89421,Allison Chaney,ESI,Informatique,Bien,db7981e8d9e0ad40e3433f7ddc5bc46f551a4da2de177545f4d94e73c75c00dd,1
ENSIAS-2026-ZX-89703,Madison Cox,ENSIAS,Blockchain,Assez Bien,239e7c2552353c893079b27b568ba2e2d31539f8d0a0795ac3935d2ccd1f0d2a,1
UM5-2024-ZX-43736,Kim Thomas,UM5,Cybersecurity,Assez Bien,de7dc9c7ae7926896592e3e2dbdf0a12210639c9fbcca5dc2037cb59b6957e46,1
EMI-2024-ZX-45730,Natalie Hall,EMI,Informatique,Passable,fcfaa8f2df967660cfdff43e0214fdc32714845f9deda8585ec251655812639f,0
ENSA-2023-XX-42318,Nicole Smith PhD,ENSA,Blockchain,Bien,7c7cef6c53c96fe5e84c245ebe3e536405375722f07174a00871a638ed37d866,0
UM52025ZX52502,Robert Miller,UM5,Cybersecurity,Tres Bien,c6ecea7764731e7687136615e6d29689c69c185261d2ca966d8f55b08f25883d,0
ENSIAS-2024-ZX-10092,Angela Blevins,ENSIAS,Informatique,Tres Bien,fcfaa8f2df967660cfdff43e0214fdc32714845f9deda8585ec251655812639f,0
ENSA-2026-ZX-43072,Tina Rocha DDS,ENSA,Cybersecurity,Assez Bien,1db83d54bbaaf15db2863a057998e506414aa76c85f26eb0e59c11a2961a81a5,1
ENSIAS-2023-XX-11538,Mark Peterson,ENSIAS,Cybersecurity,Bien,66e4c6cd773d47b9945d426f4add898cc9ef00556d2e2b44bde65a9e416d706f,0
ENSA-2025-ZX-93126,Daniel Sawyer,ENSA,Informatique,Tres Bien,4293c1329c9952948664ea26d311a2ef8293bc63f22806ed7f1e56037df6b399,1
EMI-2024-ZX-49060,Glenn Powers,EMI,AI,Assez Bien,d9ba0263b364a034aeccc41514d1964924708d83d0c01ddce160ceda7126cf73,1
